path,layer,primary_role,status,decision_authority,migration_target
AI周期探索/01_赛道研究/A_AI企业效率与上下文入口.md,EVIDENCE,legacy_theme_evidence,archived,none,05_EVIDENCE_META/EVIDENCE/THEMES
AI周期探索/01_赛道研究/B_AI基础设施瓶颈.md,EVIDENCE,legacy_theme_evidence,archived,none,05_EVIDENCE_META/EVIDENCE/THEMES
AI周期探索/01_赛道研究/C_高弹性期权资产.md,EVIDENCE,legacy_theme_evidence,archived,none,05_EVIDENCE_META/EVIDENCE/THEMES
AI周期探索/01_赛道研究/D_中国平台与消费品牌.md,EVIDENCE,legacy_theme_evidence,archived,none,05_EVIDENCE_META/EVIDENCE/THEMES
AI周期探索/01_赛道研究/E_暂不研究与降权资产.md,EVIDENCE,legacy_theme_evidence,archived,none,05_EVIDENCE_META/EVIDENCE/THEMES
AI周期探索/02_公司研究/Alibaba/PROMPT.md,AUTOMATION,legacy_company_prompt,superseded,operational,90_AUTOMATION/PROMPTS
AI周期探索/02_公司研究/Alibaba/company_research.md,EVIDENCE,legacy_company_evidence,archived,none,05_EVIDENCE_META/EVIDENCE/COMPANIES
AI周期探索/02_公司研究/Alibaba/evidence_log.md,EVIDENCE,legacy_company_evidence,archived,none,05_EVIDENCE_META/EVIDENCE/COMPANIES
AI周期探索/02_公司研究/Alibaba/next_questions.md,STATE,legacy_company_question_state,superseded,none,03_STATE/HYPOTHESIS_QUEUE
AI周期探索/02_公司研究/Alibaba/research_task.md,STATE,legacy_company_question_state,superseded,none,03_STATE/HYPOTHESIS_QUEUE
AI周期探索/02_公司研究/Alibaba/scorecard.md,META,legacy_scorecard,superseded,none,05_EVIDENCE_META/ARCHIVE/SUPERSEDED_STATE
AI周期探索/02_公司研究/Atlassian/PROMPT.md,AUTOMATION,legacy_company_prompt,superseded,operational,90_AUTOMATION/PROMPTS
AI周期探索/02_公司研究/Atlassian/company_research.md,EVIDENCE,legacy_company_evidence,archived,none,05_EVIDENCE_META/EVIDENCE/COMPANIES
AI周期探索/02_公司研究/Atlassian/evidence_log.md,EVIDENCE,legacy_company_evidence,archived,none,05_EVIDENCE_META/EVIDENCE/COMPANIES
AI周期探索/02_公司研究/Atlassian/next_questions.md,STATE,legacy_company_question_state,superseded,none,03_STATE/HYPOTHESIS_QUEUE
AI周期探索/02_公司研究/Atlassian/research_task.md,STATE,legacy_company_question_state,superseded,none,03_STATE/HYPOTHESIS_QUEUE
AI周期探索/02_公司研究/Atlassian/scorecard.md,META,legacy_scorecard,superseded,none,05_EVIDENCE_META/ARCHIVE/SUPERSEDED_STATE
AI周期探索/02_公司研究/Aux Electric/PROMPT.md,AUTOMATION,legacy_company_prompt,superseded,operational,90_AUTOMATION/PROMPTS
AI周期探索/02_公司研究/Aux Electric/company_research.md,EVIDENCE,legacy_company_evidence,archived,none,05_EVIDENCE_META/EVIDENCE/COMPANIES
AI周期探索/02_公司研究/Aux Electric/evidence_log.md,EVIDENCE,legacy_company_evidence,archived,none,05_EVIDENCE_META/EVIDENCE/COMPANIES
AI周期探索/02_公司研究/Aux Electric/next_questions.md,STATE,legacy_company_question_state,superseded,none,03_STATE/HYPOTHESIS_QUEUE
AI周期探索/02_公司研究/Aux Electric/research_task.md,STATE,legacy_company_question_state,superseded,none,03_STATE/HYPOTHESIS_QUEUE
AI周期探索/02_公司研究/Aux Electric/scorecard.md,META,legacy_scorecard,superseded,none,05_EVIDENCE_META/ARCHIVE/SUPERSEDED_STATE
AI周期探索/02_公司研究/Beike/PROMPT.md,AUTOMATION,legacy_company_prompt,superseded,operational,90_AUTOMATION/PROMPTS
AI周期探索/02_公司研究/Beike/company_research.md,EVIDENCE,legacy_company_evidence,archived,none,05_EVIDENCE_META/EVIDENCE/COMPANIES
AI周期探索/02_公司研究/Beike/evidence_log.md,EVIDENCE,legacy_company_evidence,archived,none,05_EVIDENCE_META/EVIDENCE/COMPANIES
AI周期探索/02_公司研究/Beike/next_questions.md,STATE,legacy_company_question_state,superseded,none,03_STATE/HYPOTHESIS_QUEUE
AI周期探索/02_公司研究/Beike/research_task.md,STATE,legacy_company_question_state,superseded,none,03_STATE/HYPOTHESIS_QUEUE
AI周期探索/02_公司研究/Beike/scorecard.md,META,legacy_scorecard,superseded,none,05_EVIDENCE_META/ARCHIVE/SUPERSEDED_STATE
AI周期探索/02_公司研究/Berkshire Hathaway B/PROMPT.md,AUTOMATION,legacy_company_prompt,superseded,operational,90_AUTOMATION/PROMPTS
AI周期探索/02_公司研究/Berkshire Hathaway B/company_research.md,EVIDENCE,legacy_company_evidence,archived,none,05_EVIDENCE_META/EVIDENCE/COMPANIES
AI周期探索/02_公司研究/Berkshire Hathaway B/evidence_log.md,EVIDENCE,legacy_company_evidence,archived,none,05_EVIDENCE_META/EVIDENCE/COMPANIES
AI周期探索/02_公司研究/Berkshire Hathaway B/next_questions.md,STATE,legacy_company_question_state,superseded,none,03_STATE/HYPOTHESIS_QUEUE
AI周期探索/02_公司研究/Berkshire Hathaway B/research_task.md,STATE,legacy_company_question_state,superseded,none,03_STATE/HYPOTHESIS_QUEUE
AI周期探索/02_公司研究/Berkshire Hathaway B/scorecard.md,META,legacy_scorecard,superseded,none,05_EVIDENCE_META/ARCHIVE/SUPERSEDED_STATE
AI周期探索/02_公司研究/Bilibili/PROMPT.md,AUTOMATION,legacy_company_prompt,superseded,operational,90_AUTOMATION/PROMPTS
AI周期探索/02_公司研究/Bilibili/company_research.md,EVIDENCE,legacy_company_evidence,archived,none,05_EVIDENCE_META/EVIDENCE/COMPANIES
AI周期探索/02_公司研究/Bilibili/evidence_log.md,EVIDENCE,legacy_company_evidence,archived,none,05_EVIDENCE_META/EVIDENCE/COMPANIES
AI周期探索/02_公司研究/Bilibili/next_questions.md,STATE,legacy_company_question_state,superseded,none,03_STATE/HYPOTHESIS_QUEUE
AI周期探索/02_公司研究/Bilibili/research_task.md,STATE,legacy_company_question_state,superseded,none,03_STATE/HYPOTHESIS_QUEUE
AI周期探索/02_公司研究/Bilibili/scorecard.md,META,legacy_scorecard,superseded,none,05_EVIDENCE_META/ARCHIVE/SUPERSEDED_STATE
AI周期探索/02_公司研究/BitGo Holdings/PROMPT.md,AUTOMATION,legacy_company_prompt,superseded,operational,90_AUTOMATION/PROMPTS
AI周期探索/02_公司研究/BitGo Holdings/company_research.md,EVIDENCE,legacy_company_evidence,archived,none,05_EVIDENCE_META/EVIDENCE/COMPANIES
AI周期探索/02_公司研究/BitGo Holdings/evidence_log.md,EVIDENCE,legacy_company_evidence,archived,none,05_EVIDENCE_META/EVIDENCE/COMPANIES
AI周期探索/02_公司研究/BitGo Holdings/next_questions.md,STATE,legacy_company_question_state,superseded,none,03_STATE/HYPOTHESIS_QUEUE
AI周期探索/02_公司研究/BitGo Holdings/research_task.md,STATE,legacy_company_question_state,superseded,none,03_STATE/HYPOTHESIS_QUEUE
AI周期探索/02_公司研究/BitGo Holdings/scorecard.md,META,legacy_scorecard,superseded,none,05_EVIDENCE_META/ARCHIVE/SUPERSEDED_STATE
AI周期探索/02_公司研究/CRRC/PROMPT.md,AUTOMATION,legacy_company_prompt,superseded,operational,90_AUTOMATION/PROMPTS
AI周期探索/02_公司研究/CRRC/company_research.md,EVIDENCE,legacy_company_evidence,archived,none,05_EVIDENCE_META/EVIDENCE/COMPANIES
AI周期探索/02_公司研究/CRRC/evidence_log.md,EVIDENCE,legacy_company_evidence,archived,none,05_EVIDENCE_META/EVIDENCE/COMPANIES
AI周期探索/02_公司研究/CRRC/next_questions.md,STATE,legacy_company_question_state,superseded,none,03_STATE/HYPOTHESIS_QUEUE
AI周期探索/02_公司研究/CRRC/research_task.md,STATE,legacy_company_question_state,superseded,none,03_STATE/HYPOTHESIS_QUEUE
AI周期探索/02_公司研究/CRRC/scorecard.md,META,legacy_scorecard,superseded,none,05_EVIDENCE_META/ARCHIVE/SUPERSEDED_STATE
AI周期探索/02_公司研究/Circle/PROMPT.md,AUTOMATION,legacy_company_prompt,superseded,operational,90_AUTOMATION/PROMPTS
AI周期探索/02_公司研究/Circle/company_research.md,EVIDENCE,legacy_company_evidence,archived,none,05_EVIDENCE_META/EVIDENCE/COMPANIES
AI周期探索/02_公司研究/Circle/evidence_log.md,EVIDENCE,legacy_company_evidence,archived,none,05_EVIDENCE_META/EVIDENCE/COMPANIES
AI周期探索/02_公司研究/Circle/next_questions.md,STATE,legacy_company_question_state,superseded,none,03_STATE/HYPOTHESIS_QUEUE
AI周期探索/02_公司研究/Circle/research_task.md,STATE,legacy_company_question_state,superseded,none,03_STATE/HYPOTHESIS_QUEUE
AI周期探索/02_公司研究/Circle/scorecard.md,META,legacy_scorecard,superseded,none,05_EVIDENCE_META/ARCHIVE/SUPERSEDED_STATE
AI周期探索/02_公司研究/Cloudflare/PROMPT.md,AUTOMATION,legacy_company_prompt,superseded,operational,90_AUTOMATION/PROMPTS
AI周期探索/02_公司研究/Cloudflare/company_research.md,EVIDENCE,legacy_company_evidence,archived,none,05_EVIDENCE_META/EVIDENCE/COMPANIES
AI周期探索/02_公司研究/Cloudflare/evidence_log.md,EVIDENCE,legacy_company_evidence,archived,none,05_EVIDENCE_META/EVIDENCE/COMPANIES
AI周期探索/02_公司研究/Cloudflare/next_questions.md,STATE,legacy_company_question_state,superseded,none,03_STATE/HYPOTHESIS_QUEUE
AI周期探索/02_公司研究/Cloudflare/research_task.md,STATE,legacy_company_question_state,superseded,none,03_STATE/HYPOTHESIS_QUEUE
AI周期探索/02_公司研究/Cloudflare/scorecard.md,META,legacy_scorecard,superseded,none,05_EVIDENCE_META/ARCHIVE/SUPERSEDED_STATE
AI周期探索/02_公司研究/Coinbase/PROMPT.md,AUTOMATION,legacy_company_prompt,superseded,operational,90_AUTOMATION/PROMPTS
AI周期探索/02_公司研究/Coinbase/company_research.md,EVIDENCE,legacy_company_evidence,archived,none,05_EVIDENCE_META/EVIDENCE/COMPANIES
AI周期探索/02_公司研究/Coinbase/evidence_log.md,EVIDENCE,legacy_company_evidence,archived,none,05_EVIDENCE_META/EVIDENCE/COMPANIES
AI周期探索/02_公司研究/Coinbase/next_questions.md,STATE,legacy_company_question_state,superseded,none,03_STATE/HYPOTHESIS_QUEUE
AI周期探索/02_公司研究/Coinbase/research_task.md,STATE,legacy_company_question_state,superseded,none,03_STATE/HYPOTHESIS_QUEUE
AI周期探索/02_公司研究/Coinbase/scorecard.md,META,legacy_scorecard,superseded,none,05_EVIDENCE_META/ARCHIVE/SUPERSEDED_STATE
AI周期探索/02_公司研究/Datadog/PROMPT.md,AUTOMATION,legacy_company_prompt,superseded,operational,90_AUTOMATION/PROMPTS
AI周期探索/02_公司研究/Datadog/company_research.md,EVIDENCE,legacy_company_evidence,archived,none,05_EVIDENCE_META/EVIDENCE/COMPANIES
AI周期探索/02_公司研究/Datadog/evidence_log.md,EVIDENCE,legacy_company_evidence,archived,none,05_EVIDENCE_META/EVIDENCE/COMPANIES
AI周期探索/02_公司研究/Datadog/next_questions.md,STATE,legacy_company_question_state,superseded,none,03_STATE/HYPOTHESIS_QUEUE
AI周期探索/02_公司研究/Datadog/research_task.md,STATE,legacy_company_question_state,superseded,none,03_STATE/HYPOTHESIS_QUEUE
AI周期探索/02_公司研究/Datadog/scorecard.md,META,legacy_scorecard,superseded,none,05_EVIDENCE_META/ARCHIVE/SUPERSEDED_STATE
AI周期探索/02_公司研究/Duolingo/PROMPT.md,AUTOMATION,legacy_company_prompt,superseded,operational,90_AUTOMATION/PROMPTS
AI周期探索/02_公司研究/Duolingo/company_research.md,EVIDENCE,legacy_company_evidence,archived,none,05_EVIDENCE_META/EVIDENCE/COMPANIES
AI周期探索/02_公司研究/Duolingo/evidence_log.md,EVIDENCE,legacy_company_evidence,archived,none,05_EVIDENCE_META/EVIDENCE/COMPANIES
AI周期探索/02_公司研究/Duolingo/next_questions.md,STATE,legacy_company_question_state,superseded,none,03_STATE/HYPOTHESIS_QUEUE
AI周期探索/02_公司研究/Duolingo/research_task.md,STATE,legacy_company_question_state,superseded,none,03_STATE/HYPOTHESIS_QUEUE
AI周期探索/02_公司研究/Duolingo/scorecard.md,META,legacy_scorecard,superseded,none,05_EVIDENCE_META/ARCHIVE/SUPERSEDED_STATE
AI周期探索/02_公司研究/ETF工具/科创50ETF/README.md,EVIDENCE,legacy_company_router,archived,none,05_EVIDENCE_META/EVIDENCE/COMPANIES
AI周期探索/02_公司研究/ETF工具/通信光互联ETF/README.md,EVIDENCE,legacy_company_router,archived,none,05_EVIDENCE_META/EVIDENCE/COMPANIES
AI周期探索/02_公司研究/ETF工具/锂电储能ETF/README.md,EVIDENCE,legacy_company_router,archived,none,05_EVIDENCE_META/EVIDENCE/COMPANIES
AI周期探索/02_公司研究/Figure Technology/PROMPT.md,AUTOMATION,legacy_company_prompt,superseded,operational,90_AUTOMATION/PROMPTS
AI周期探索/02_公司研究/Figure Technology/company_research.md,EVIDENCE,legacy_company_evidence,archived,none,05_EVIDENCE_META/EVIDENCE/COMPANIES
AI周期探索/02_公司研究/Figure Technology/evidence_log.md,EVIDENCE,legacy_company_evidence,archived,none,05_EVIDENCE_META/EVIDENCE/COMPANIES
AI周期探索/02_公司研究/Figure Technology/next_questions.md,STATE,legacy_company_question_state,superseded,none,03_STATE/HYPOTHESIS_QUEUE
AI周期探索/02_公司研究/Figure Technology/research_task.md,STATE,legacy_company_question_state,superseded,none,03_STATE/HYPOTHESIS_QUEUE
AI周期探索/02_公司研究/Figure Technology/scorecard.md,META,legacy_scorecard,superseded,none,05_EVIDENCE_META/ARCHIVE/SUPERSEDED_STATE
AI周期探索/02_公司研究/Fuyao Glass/PROMPT.md,AUTOMATION,legacy_company_prompt,superseded,operational,90_AUTOMATION/PROMPTS
AI周期探索/02_公司研究/Fuyao Glass/company_research.md,EVIDENCE,legacy_company_evidence,archived,none,05_EVIDENCE_META/EVIDENCE/COMPANIES
AI周期探索/02_公司研究/Fuyao Glass/evidence_log.md,EVIDENCE,legacy_company_evidence,archived,none,05_EVIDENCE_META/EVIDENCE/COMPANIES
AI周期探索/02_公司研究/Fuyao Glass/next_questions.md,STATE,legacy_company_question_state,superseded,none,03_STATE/HYPOTHESIS_QUEUE
AI周期探索/02_公司研究/Fuyao Glass/research_task.md,STATE,legacy_company_question_state,superseded,none,03_STATE/HYPOTHESIS_QUEUE
AI周期探索/02_公司研究/Fuyao Glass/scorecard.md,META,legacy_scorecard,superseded,none,05_EVIDENCE_META/ARCHIVE/SUPERSEDED_STATE
AI周期探索/02_公司研究/GitLab/260711GitLab_关键经营数据验证增量.md,EVIDENCE,legacy_company_evidence,archived,none,05_EVIDENCE_META/EVIDENCE/COMPANIES
AI周期探索/02_公司研究/GitLab/PROMPT.md,AUTOMATION,legacy_company_prompt,superseded,operational,90_AUTOMATION/PROMPTS
AI周期探索/02_公司研究/GitLab/company_research.md,EVIDENCE,legacy_company_evidence,archived,none,05_EVIDENCE_META/EVIDENCE/COMPANIES
AI周期探索/02_公司研究/GitLab/evidence_log.md,EVIDENCE,legacy_company_evidence,archived,none,05_EVIDENCE_META/EVIDENCE/COMPANIES
AI周期探索/02_公司研究/GitLab/next_questions.md,STATE,legacy_company_question_state,superseded,none,03_STATE/HYPOTHESIS_QUEUE
AI周期探索/02_公司研究/GitLab/research_task.md,STATE,legacy_company_question_state,superseded,none,03_STATE/HYPOTHESIS_QUEUE
AI周期探索/02_公司研究/GitLab/scorecard.md,META,legacy_scorecard,superseded,none,05_EVIDENCE_META/ARCHIVE/SUPERSEDED_STATE
AI周期探索/02_公司研究/Google/PROMPT.md,AUTOMATION,legacy_company_prompt,superseded,operational,90_AUTOMATION/PROMPTS
AI周期探索/02_公司研究/Google/company_research.md,EVIDENCE,legacy_company_evidence,archived,none,05_EVIDENCE_META/EVIDENCE/COMPANIES
AI周期探索/02_公司研究/Google/evidence_log.md,EVIDENCE,legacy_company_evidence,archived,none,05_EVIDENCE_META/EVIDENCE/COMPANIES
AI周期探索/02_公司研究/Google/next_questions.md,STATE,legacy_company_question_state,superseded,none,03_STATE/HYPOTHESIS_QUEUE
AI周期探索/02_公司研究/Google/research_task.md,STATE,legacy_company_question_state,superseded,none,03_STATE/HYPOTHESIS_QUEUE
AI周期探索/02_公司研究/Google/scorecard.md,META,legacy_scorecard,superseded,none,05_EVIDENCE_META/ARCHIVE/SUPERSEDED_STATE
AI周期探索/02_公司研究/Hang Seng Tech Index/PROMPT.md,AUTOMATION,legacy_company_prompt,superseded,operational,90_AUTOMATION/PROMPTS
AI周期探索/02_公司研究/Hang Seng Tech Index/company_research.md,EVIDENCE,legacy_company_evidence,archived,none,05_EVIDENCE_META/EVIDENCE/COMPANIES
AI周期探索/02_公司研究/Hang Seng Tech Index/evidence_log.md,EVIDENCE,legacy_company_evidence,archived,none,05_EVIDENCE_META/EVIDENCE/COMPANIES
AI周期探索/02_公司研究/Hang Seng Tech Index/next_questions.md,STATE,legacy_company_question_state,superseded,none,03_STATE/HYPOTHESIS_QUEUE
AI周期探索/02_公司研究/Hang Seng Tech Index/research_task.md,STATE,legacy_company_question_state,superseded,none,03_STATE/HYPOTHESIS_QUEUE
AI周期探索/02_公司研究/Hang Seng Tech Index/scorecard.md,META,legacy_scorecard,superseded,none,05_EVIDENCE_META/ARCHIVE/SUPERSEDED_STATE
AI周期探索/02_公司研究/HashKey Holdings/PROMPT.md,AUTOMATION,legacy_company_prompt,superseded,operational,90_AUTOMATION/PROMPTS
AI周期探索/02_公司研究/HashKey Holdings/company_research.md,EVIDENCE,legacy_company_evidence,archived,none,05_EVIDENCE_META/EVIDENCE/COMPANIES
AI周期探索/02_公司研究/HashKey Holdings/evidence_log.md,EVIDENCE,legacy_company_evidence,archived,none,05_EVIDENCE_META/EVIDENCE/COMPANIES
AI周期探索/02_公司研究/HashKey Holdings/next_questions.md,STATE,legacy_company_question_state,superseded,none,03_STATE/HYPOTHESIS_QUEUE
AI周期探索/02_公司研究/HashKey Holdings/research_task.md,STATE,legacy_company_question_state,superseded,none,03_STATE/HYPOTHESIS_QUEUE
AI周期探索/02_公司研究/HashKey Holdings/scorecard.md,META,legacy_scorecard,superseded,none,05_EVIDENCE_META/ARCHIVE/SUPERSEDED_STATE
AI周期探索/02_公司研究/Horizon Robotics/260606Horizon_竞争看空与护城河验证.md,EVIDENCE,legacy_company_evidence,archived,none,05_EVIDENCE_META/EVIDENCE/COMPANIES
AI周期探索/02_公司研究/Horizon Robotics/PROMPT.md,AUTOMATION,legacy_company_prompt,superseded,operational,90_AUTOMATION/PROMPTS
AI周期探索/02_公司研究/Horizon Robotics/company_research.md,EVIDENCE,legacy_company_evidence,archived,none,05_EVIDENCE_META/EVIDENCE/COMPANIES
AI周期探索/02_公司研究/Horizon Robotics/evidence_log.md,EVIDENCE,legacy_company_evidence,archived,none,05_EVIDENCE_META/EVIDENCE/COMPANIES
AI周期探索/02_公司研究/Horizon Robotics/next_questions.md,STATE,legacy_company_question_state,superseded,none,03_STATE/HYPOTHESIS_QUEUE
AI周期探索/02_公司研究/Horizon Robotics/next_signals.md,STATE,legacy_company_question_state,superseded,none,03_STATE/HYPOTHESIS_QUEUE
AI周期探索/02_公司研究/Horizon Robotics/research_task.md,STATE,legacy_company_question_state,superseded,none,03_STATE/HYPOTHESIS_QUEUE
AI周期探索/02_公司研究/Horizon Robotics/scorecard.md,META,legacy_scorecard,superseded,none,05_EVIDENCE_META/ARCHIVE/SUPERSEDED_STATE
AI周期探索/02_公司研究/Lemonade/PROMPT.md,AUTOMATION,legacy_company_prompt,superseded,operational,90_AUTOMATION/PROMPTS
AI周期探索/02_公司研究/Lemonade/company_research.md,EVIDENCE,legacy_company_evidence,archived,none,05_EVIDENCE_META/EVIDENCE/COMPANIES
AI周期探索/02_公司研究/Lemonade/evidence_log.md,EVIDENCE,legacy_company_evidence,archived,none,05_EVIDENCE_META/EVIDENCE/COMPANIES
AI周期探索/02_公司研究/Lemonade/next_questions.md,STATE,legacy_company_question_state,superseded,none,03_STATE/HYPOTHESIS_QUEUE
AI周期探索/02_公司研究/Lemonade/next_signals.md,STATE,legacy_company_question_state,superseded,none,03_STATE/HYPOTHESIS_QUEUE
AI周期探索/02_公司研究/Lemonade/research_task.md,STATE,legacy_company_question_state,superseded,none,03_STATE/HYPOTHESIS_QUEUE
AI周期探索/02_公司研究/Lemonade/scorecard.md,META,legacy_scorecard,superseded,none,05_EVIDENCE_META/ARCHIVE/SUPERSEDED_STATE
AI周期探索/02_公司研究/Li Auto/PROMPT.md,AUTOMATION,legacy_company_prompt,superseded,operational,90_AUTOMATION/PROMPTS
AI周期探索/02_公司研究/Li Auto/company_research.md,EVIDENCE,legacy_company_evidence,archived,none,05_EVIDENCE_META/EVIDENCE/COMPANIES
AI周期探索/02_公司研究/Li Auto/evidence_log.md,EVIDENCE,legacy_company_evidence,archived,none,05_EVIDENCE_META/EVIDENCE/COMPANIES
AI周期探索/02_公司研究/Li Auto/next_questions.md,STATE,legacy_company_question_state,superseded,none,03_STATE/HYPOTHESIS_QUEUE
AI周期探索/02_公司研究/Li Auto/research_task.md,STATE,legacy_company_question_state,superseded,none,03_STATE/HYPOTHESIS_QUEUE
AI周期探索/02_公司研究/Li Auto/scorecard.md,META,legacy_scorecard,superseded,none,05_EVIDENCE_META/ARCHIVE/SUPERSEDED_STATE
AI周期探索/02_公司研究/Lumentum/PROMPT.md,AUTOMATION,legacy_company_prompt,superseded,operational,90_AUTOMATION/PROMPTS
AI周期探索/02_公司研究/Lumentum/company_research.md,EVIDENCE,legacy_company_evidence,archived,none,05_EVIDENCE_META/EVIDENCE/COMPANIES
AI周期探索/02_公司研究/Lumentum/evidence_log.md,EVIDENCE,legacy_company_evidence,archived,none,05_EVIDENCE_META/EVIDENCE/COMPANIES
AI周期探索/02_公司研究/Lumentum/next_questions.md,STATE,legacy_company_question_state,superseded,none,03_STATE/HYPOTHESIS_QUEUE
AI周期探索/02_公司研究/Lumentum/research_task.md,STATE,legacy_company_question_state,superseded,none,03_STATE/HYPOTHESIS_QUEUE
AI周期探索/02_公司研究/Lumentum/scorecard.md,META,legacy_scorecard,superseded,none,05_EVIDENCE_META/ARCHIVE/SUPERSEDED_STATE
AI周期探索/02_公司研究/Marvell Technology/PROMPT.md,AUTOMATION,legacy_company_prompt,superseded,operational,90_AUTOMATION/PROMPTS
AI周期探索/02_公司研究/Marvell Technology/company_research.md,EVIDENCE,legacy_company_evidence,archived,none,05_EVIDENCE_META/EVIDENCE/COMPANIES
AI周期探索/02_公司研究/Marvell Technology/evidence_log.md,EVIDENCE,legacy_company_evidence,archived,none,05_EVIDENCE_META/EVIDENCE/COMPANIES
AI周期探索/02_公司研究/Marvell Technology/next_questions.md,STATE,legacy_company_question_state,superseded,none,03_STATE/HYPOTHESIS_QUEUE
AI周期探索/02_公司研究/Marvell Technology/research_task.md,STATE,legacy_company_question_state,superseded,none,03_STATE/HYPOTHESIS_QUEUE
AI周期探索/02_公司研究/Marvell Technology/scorecard.md,META,legacy_scorecard,superseded,none,05_EVIDENCE_META/ARCHIVE/SUPERSEDED_STATE
AI周期探索/02_公司研究/Meituan/PROMPT.md,AUTOMATION,legacy_company_prompt,superseded,operational,90_AUTOMATION/PROMPTS
AI周期探索/02_公司研究/Meituan/company_research.md,EVIDENCE,legacy_company_evidence,archived,none,05_EVIDENCE_META/EVIDENCE/COMPANIES
AI周期探索/02_公司研究/Meituan/evidence_log.md,EVIDENCE,legacy_company_evidence,archived,none,05_EVIDENCE_META/EVIDENCE/COMPANIES
AI周期探索/02_公司研究/Meituan/next_questions.md,STATE,legacy_company_question_state,superseded,none,03_STATE/HYPOTHESIS_QUEUE
AI周期探索/02_公司研究/Meituan/research_task.md,STATE,legacy_company_question_state,superseded,none,03_STATE/HYPOTHESIS_QUEUE
AI周期探索/02_公司研究/Meituan/scorecard.md,META,legacy_scorecard,superseded,none,05_EVIDENCE_META/ARCHIVE/SUPERSEDED_STATE
AI周期探索/02_公司研究/Meta/PROMPT.md,AUTOMATION,legacy_company_prompt,superseded,operational,90_AUTOMATION/PROMPTS
AI周期探索/02_公司研究/Meta/company_research.md,EVIDENCE,legacy_company_evidence,archived,none,05_EVIDENCE_META/EVIDENCE/COMPANIES
AI周期探索/02_公司研究/Meta/evidence_log.md,EVIDENCE,legacy_company_evidence,archived,none,05_EVIDENCE_META/EVIDENCE/COMPANIES
AI周期探索/02_公司研究/Meta/next_questions.md,STATE,legacy_company_question_state,superseded,none,03_STATE/HYPOTHESIS_QUEUE
AI周期探索/02_公司研究/Meta/research_task.md,STATE,legacy_company_question_state,superseded,none,03_STATE/HYPOTHESIS_QUEUE
AI周期探索/02_公司研究/Meta/scorecard.md,META,legacy_scorecard,superseded,none,05_EVIDENCE_META/ARCHIVE/SUPERSEDED_STATE
AI周期探索/02_公司研究/MicroStrategy/README.md,EVIDENCE,legacy_company_router,archived,none,05_EVIDENCE_META/EVIDENCE/COMPANIES
AI周期探索/02_公司研究/Micron/PROMPT.md,AUTOMATION,legacy_company_prompt,superseded,operational,90_AUTOMATION/PROMPTS
AI周期探索/02_公司研究/Micron/company_research.md,EVIDENCE,legacy_company_evidence,archived,none,05_EVIDENCE_META/EVIDENCE/COMPANIES
AI周期探索/02_公司研究/Micron/evidence_log.md,EVIDENCE,legacy_company_evidence,archived,none,05_EVIDENCE_META/EVIDENCE/COMPANIES
AI周期探索/02_公司研究/Micron/next_questions.md,STATE,legacy_company_question_state,superseded,none,03_STATE/HYPOTHESIS_QUEUE
AI周期探索/02_公司研究/Micron/research_task.md,STATE,legacy_company_question_state,superseded,none,03_STATE/HYPOTHESIS_QUEUE
AI周期探索/02_公司研究/Micron/scorecard.md,META,legacy_scorecard,superseded,none,05_EVIDENCE_META/ARCHIVE/SUPERSEDED_STATE
AI周期探索/02_公司研究/Microsoft/PROMPT.md,AUTOMATION,legacy_company_prompt,superseded,operational,90_AUTOMATION/PROMPTS
AI周期探索/02_公司研究/Microsoft/company_research.md,EVIDENCE,legacy_company_evidence,archived,none,05_EVIDENCE_META/EVIDENCE/COMPANIES
AI周期探索/02_公司研究/Microsoft/evidence_log.md,EVIDENCE,legacy_company_evidence,archived,none,05_EVIDENCE_META/EVIDENCE/COMPANIES
AI周期探索/02_公司研究/Microsoft/next_questions.md,STATE,legacy_company_question_state,superseded,none,03_STATE/HYPOTHESIS_QUEUE
AI周期探索/02_公司研究/Microsoft/research_task.md,STATE,legacy_company_question_state,superseded,none,03_STATE/HYPOTHESIS_QUEUE
AI周期探索/02_公司研究/Microsoft/scorecard.md,META,legacy_scorecard,superseded,none,05_EVIDENCE_META/ARCHIVE/SUPERSEDED_STATE
AI周期探索/02_公司研究/Miniso/PROMPT.md,AUTOMATION,legacy_company_prompt,superseded,operational,90_AUTOMATION/PROMPTS
AI周期探索/02_公司研究/Miniso/company_research.md,EVIDENCE,legacy_company_evidence,archived,none,05_EVIDENCE_META/EVIDENCE/COMPANIES
AI周期探索/02_公司研究/Miniso/evidence_log.md,EVIDENCE,legacy_company_evidence,archived,none,05_EVIDENCE_META/EVIDENCE/COMPANIES
AI周期探索/02_公司研究/Miniso/next_questions.md,STATE,legacy_company_question_state,superseded,none,03_STATE/HYPOTHESIS_QUEUE
AI周期探索/02_公司研究/Miniso/next_signals.md,STATE,legacy_company_question_state,superseded,none,03_STATE/HYPOTHESIS_QUEUE
AI周期探索/02_公司研究/Miniso/research_task.md,STATE,legacy_company_question_state,superseded,none,03_STATE/HYPOTHESIS_QUEUE
AI周期探索/02_公司研究/Miniso/scorecard.md,META,legacy_scorecard,superseded,none,05_EVIDENCE_META/ARCHIVE/SUPERSEDED_STATE
AI周期探索/02_公司研究/MongoDB/PROMPT.md,AUTOMATION,legacy_company_prompt,superseded,operational,90_AUTOMATION/PROMPTS
AI周期探索/02_公司研究/MongoDB/company_research.md,EVIDENCE,legacy_company_evidence,archived,none,05_EVIDENCE_META/EVIDENCE/COMPANIES
AI周期探索/02_公司研究/MongoDB/evidence_log.md,EVIDENCE,legacy_company_evidence,archived,none,05_EVIDENCE_META/EVIDENCE/COMPANIES
AI周期探索/02_公司研究/MongoDB/next_questions.md,STATE,legacy_company_question_state,superseded,none,03_STATE/HYPOTHESIS_QUEUE
AI周期探索/02_公司研究/MongoDB/research_task.md,STATE,legacy_company_question_state,superseded,none,03_STATE/HYPOTHESIS_QUEUE
AI周期探索/02_公司研究/MongoDB/scorecard.md,META,legacy_scorecard,superseded,none,05_EVIDENCE_META/ARCHIVE/SUPERSEDED_STATE
AI周期探索/02_公司研究/Nebius/README.md,EVIDENCE,legacy_company_router,archived,none,05_EVIDENCE_META/EVIDENCE/COMPANIES
AI周期探索/02_公司研究/NuScale Power/PROMPT.md,AUTOMATION,legacy_company_prompt,superseded,operational,90_AUTOMATION/PROMPTS
AI周期探索/02_公司研究/NuScale Power/company_research.md,EVIDENCE,legacy_company_evidence,archived,none,05_EVIDENCE_META/EVIDENCE/COMPANIES
AI周期探索/02_公司研究/NuScale Power/evidence_log.md,EVIDENCE,legacy_company_evidence,archived,none,05_EVIDENCE_META/EVIDENCE/COMPANIES
AI周期探索/02_公司研究/NuScale Power/next_questions.md,STATE,legacy_company_question_state,superseded,none,03_STATE/HYPOTHESIS_QUEUE
AI周期探索/02_公司研究/NuScale Power/research_task.md,STATE,legacy_company_question_state,superseded,none,03_STATE/HYPOTHESIS_QUEUE
AI周期探索/02_公司研究/NuScale Power/scorecard.md,META,legacy_scorecard,superseded,none,05_EVIDENCE_META/ARCHIVE/SUPERSEDED_STATE
AI周期探索/02_公司研究/Nvidia/PROMPT.md,AUTOMATION,legacy_company_prompt,superseded,operational,90_AUTOMATION/PROMPTS
AI周期探索/02_公司研究/Nvidia/company_research.md,EVIDENCE,legacy_company_evidence,archived,none,05_EVIDENCE_META/EVIDENCE/COMPANIES
AI周期探索/02_公司研究/Nvidia/evidence_log.md,EVIDENCE,legacy_company_evidence,archived,none,05_EVIDENCE_META/EVIDENCE/COMPANIES
AI周期探索/02_公司研究/Nvidia/next_questions.md,STATE,legacy_company_question_state,superseded,none,03_STATE/HYPOTHESIS_QUEUE
AI周期探索/02_公司研究/Nvidia/research_task.md,STATE,legacy_company_question_state,superseded,none,03_STATE/HYPOTHESIS_QUEUE
AI周期探索/02_公司研究/Nvidia/scorecard.md,META,legacy_scorecard,superseded,none,05_EVIDENCE_META/ARCHIVE/SUPERSEDED_STATE
AI周期探索/02_公司研究/Oracle/PROMPT.md,AUTOMATION,legacy_company_prompt,superseded,operational,90_AUTOMATION/PROMPTS
AI周期探索/02_公司研究/Oracle/company_research.md,EVIDENCE,legacy_company_evidence,archived,none,05_EVIDENCE_META/EVIDENCE/COMPANIES
AI周期探索/02_公司研究/Oracle/evidence_log.md,EVIDENCE,legacy_company_evidence,archived,none,05_EVIDENCE_META/EVIDENCE/COMPANIES
AI周期探索/02_公司研究/Oracle/next_questions.md,STATE,legacy_company_question_state,superseded,none,03_STATE/HYPOTHESIS_QUEUE
AI周期探索/02_公司研究/Oracle/next_signals.md,STATE,legacy_company_question_state,superseded,none,03_STATE/HYPOTHESIS_QUEUE
AI周期探索/02_公司研究/Oracle/research_task.md,STATE,legacy_company_question_state,superseded,none,03_STATE/HYPOTHESIS_QUEUE
AI周期探索/02_公司研究/Oracle/scorecard.md,META,legacy_scorecard,superseded,none,05_EVIDENCE_META/ARCHIVE/SUPERSEDED_STATE
AI周期探索/02_公司研究/Ouster/260630OUST_每日贝叶斯监控.md,EVIDENCE,legacy_company_evidence,archived,none,05_EVIDENCE_META/EVIDENCE/COMPANIES
AI周期探索/02_公司研究/Ouster/260701OUST_每日贝叶斯监控.md,EVIDENCE,legacy_company_evidence,archived,none,05_EVIDENCE_META/EVIDENCE/COMPANIES
AI周期探索/02_公司研究/Ouster/260702OUST_每日贝叶斯监控.md,EVIDENCE,legacy_company_evidence,archived,none,05_EVIDENCE_META/EVIDENCE/COMPANIES
AI周期探索/02_公司研究/Ouster/260707OUST_每日贝叶斯监控.md,EVIDENCE,legacy_company_evidence,archived,none,05_EVIDENCE_META/EVIDENCE/COMPANIES
AI周期探索/02_公司研究/Ouster/260708OUST_每日贝叶斯监控.md,EVIDENCE,legacy_company_evidence,archived,none,05_EVIDENCE_META/EVIDENCE/COMPANIES
AI周期探索/02_公司研究/PDD/PROMPT.md,AUTOMATION,legacy_company_prompt,superseded,operational,90_AUTOMATION/PROMPTS
AI周期探索/02_公司研究/PDD/company_research.md,EVIDENCE,legacy_company_evidence,archived,none,05_EVIDENCE_META/EVIDENCE/COMPANIES
AI周期探索/02_公司研究/PDD/evidence_log.md,EVIDENCE,legacy_company_evidence,archived,none,05_EVIDENCE_META/EVIDENCE/COMPANIES
AI周期探索/02_公司研究/PDD/next_questions.md,STATE,legacy_company_question_state,superseded,none,03_STATE/HYPOTHESIS_QUEUE
AI周期探索/02_公司研究/PDD/research_task.md,STATE,legacy_company_question_state,superseded,none,03_STATE/HYPOTHESIS_QUEUE
AI周期探索/02_公司研究/PDD/scorecard.md,META,legacy_scorecard,superseded,none,05_EVIDENCE_META/ARCHIVE/SUPERSEDED_STATE
AI周期探索/02_公司研究/Palantir/PROMPT.md,AUTOMATION,legacy_company_prompt,superseded,operational,90_AUTOMATION/PROMPTS
AI周期探索/02_公司研究/Palantir/company_research.md,EVIDENCE,legacy_company_evidence,archived,none,05_EVIDENCE_META/EVIDENCE/COMPANIES
AI周期探索/02_公司研究/Palantir/evidence_log.md,EVIDENCE,legacy_company_evidence,archived,none,05_EVIDENCE_META/EVIDENCE/COMPANIES
AI周期探索/02_公司研究/Palantir/next_questions.md,STATE,legacy_company_question_state,superseded,none,03_STATE/HYPOTHESIS_QUEUE
AI周期探索/02_公司研究/Palantir/research_task.md,STATE,legacy_company_question_state,superseded,none,03_STATE/HYPOTHESIS_QUEUE
AI周期探索/02_公司研究/Palantir/scorecard.md,META,legacy_scorecard,superseded,none,05_EVIDENCE_META/ARCHIVE/SUPERSEDED_STATE
AI周期探索/02_公司研究/Pop Mart/260722泡泡玛特_证据状态刷新.md,EVIDENCE,legacy_company_evidence,archived,none,05_EVIDENCE_META/EVIDENCE/COMPANIES
AI周期探索/02_公司研究/Pop Mart/PROMPT.md,AUTOMATION,legacy_company_prompt,superseded,operational,90_AUTOMATION/PROMPTS
AI周期探索/02_公司研究/Pop Mart/company_research.md,EVIDENCE,legacy_company_evidence,archived,none,05_EVIDENCE_META/EVIDENCE/COMPANIES
AI周期探索/02_公司研究/Pop Mart/evidence_log.md,EVIDENCE,legacy_company_evidence,archived,none,05_EVIDENCE_META/EVIDENCE/COMPANIES
AI周期探索/02_公司研究/Pop Mart/next_questions.md,STATE,legacy_company_question_state,superseded,none,03_STATE/HYPOTHESIS_QUEUE
AI周期探索/02_公司研究/Pop Mart/next_signals.md,STATE,legacy_company_question_state,superseded,none,03_STATE/HYPOTHESIS_QUEUE
AI周期探索/02_公司研究/Pop Mart/research_task.md,STATE,legacy_company_question_state,superseded,none,03_STATE/HYPOTHESIS_QUEUE
AI周期探索/02_公司研究/Pop Mart/scorecard.md,META,legacy_scorecard,superseded,none,05_EVIDENCE_META/ARCHIVE/SUPERSEDED_STATE
AI周期探索/02_公司研究/Rocket Lab/PROMPT.md,AUTOMATION,legacy_company_prompt,superseded,operational,90_AUTOMATION/PROMPTS
AI周期探索/02_公司研究/Rocket Lab/company_research.md,EVIDENCE,legacy_company_evidence,archived,none,05_EVIDENCE_META/EVIDENCE/COMPANIES
AI周期探索/02_公司研究/Rocket Lab/evidence_log.md,EVIDENCE,legacy_company_evidence,archived,none,05_EVIDENCE_META/EVIDENCE/COMPANIES
AI周期探索/02_公司研究/Rocket Lab/next_questions.md,STATE,legacy_company_question_state,superseded,none,03_STATE/HYPOTHESIS_QUEUE
AI周期探索/02_公司研究/Rocket Lab/research_task.md,STATE,legacy_company_question_state,superseded,none,03_STATE/HYPOTHESIS_QUEUE
AI周期探索/02_公司研究/Rocket Lab/scorecard.md,META,legacy_scorecard,superseded,none,05_EVIDENCE_META/ARCHIVE/SUPERSEDED_STATE
AI周期探索/02_公司研究/Salesforce/PROMPT.md,AUTOMATION,legacy_company_prompt,superseded,operational,90_AUTOMATION/PROMPTS
AI周期探索/02_公司研究/Salesforce/company_research.md,EVIDENCE,legacy_company_evidence,archived,none,05_EVIDENCE_META/EVIDENCE/COMPANIES
AI周期探索/02_公司研究/Salesforce/evidence_log.md,EVIDENCE,legacy_company_evidence,archived,none,05_EVIDENCE_META/EVIDENCE/COMPANIES
AI周期探索/02_公司研究/Salesforce/next_questions.md,STATE,legacy_company_question_state,superseded,none,03_STATE/HYPOTHESIS_QUEUE
AI周期探索/02_公司研究/Salesforce/research_task.md,STATE,legacy_company_question_state,superseded,none,03_STATE/HYPOTHESIS_QUEUE
AI周期探索/02_公司研究/Salesforce/scorecard.md,META,legacy_scorecard,superseded,none,05_EVIDENCE_META/ARCHIVE/SUPERSEDED_STATE
AI周期探索/02_公司研究/ServiceNow/PROMPT.md,AUTOMATION,legacy_company_prompt,superseded,operational,90_AUTOMATION/PROMPTS
AI周期探索/02_公司研究/ServiceNow/company_research.md,EVIDENCE,legacy_company_evidence,archived,none,05_EVIDENCE_META/EVIDENCE/COMPANIES
AI周期探索/02_公司研究/ServiceNow/evidence_log.md,EVIDENCE,legacy_company_evidence,archived,none,05_EVIDENCE_META/EVIDENCE/COMPANIES
AI周期探索/02_公司研究/ServiceNow/next_questions.md,STATE,legacy_company_question_state,superseded,none,03_STATE/HYPOTHESIS_QUEUE
AI周期探索/02_公司研究/ServiceNow/research_task.md,STATE,legacy_company_question_state,superseded,none,03_STATE/HYPOTHESIS_QUEUE
AI周期探索/02_公司研究/ServiceNow/scorecard.md,META,legacy_scorecard,superseded,none,05_EVIDENCE_META/ARCHIVE/SUPERSEDED_STATE
AI周期探索/02_公司研究/TQQQ/PROMPT.md,AUTOMATION,legacy_company_prompt,superseded,operational,90_AUTOMATION/PROMPTS
AI周期探索/02_公司研究/TQQQ/company_research.md,EVIDENCE,legacy_company_evidence,archived,none,05_EVIDENCE_META/EVIDENCE/COMPANIES
AI周期探索/02_公司研究/TQQQ/evidence_log.md,EVIDENCE,legacy_company_evidence,archived,none,05_EVIDENCE_META/EVIDENCE/COMPANIES
AI周期探索/02_公司研究/TQQQ/next_questions.md,STATE,legacy_company_question_state,superseded,none,03_STATE/HYPOTHESIS_QUEUE
AI周期探索/02_公司研究/TQQQ/research_task.md,STATE,legacy_company_question_state,superseded,none,03_STATE/HYPOTHESIS_QUEUE
AI周期探索/02_公司研究/TQQQ/scorecard.md,META,legacy_scorecard,superseded,none,05_EVIDENCE_META/ARCHIVE/SUPERSEDED_STATE
AI周期探索/02_公司研究/Tempus AI/PROMPT.md,AUTOMATION,legacy_company_prompt,superseded,operational,90_AUTOMATION/PROMPTS
AI周期探索/02_公司研究/Tempus AI/company_research.md,EVIDENCE,legacy_company_evidence,archived,none,05_EVIDENCE_META/EVIDENCE/COMPANIES
AI周期探索/02_公司研究/Tempus AI/evidence_log.md,EVIDENCE,legacy_company_evidence,archived,none,05_EVIDENCE_META/EVIDENCE/COMPANIES
AI周期探索/02_公司研究/Tempus AI/next_questions.md,STATE,legacy_company_question_state,superseded,none,03_STATE/HYPOTHESIS_QUEUE
AI周期探索/02_公司研究/Tempus AI/research_task.md,STATE,legacy_company_question_state,superseded,none,03_STATE/HYPOTHESIS_QUEUE
AI周期探索/02_公司研究/Tempus AI/scorecard.md,META,legacy_scorecard,superseded,none,05_EVIDENCE_META/ARCHIVE/SUPERSEDED_STATE
AI周期探索/02_公司研究/Tencent/PROMPT.md,AUTOMATION,legacy_company_prompt,superseded,operational,90_AUTOMATION/PROMPTS
AI周期探索/02_公司研究/Tencent/company_research.md,EVIDENCE,legacy_company_evidence,archived,none,05_EVIDENCE_META/EVIDENCE/COMPANIES
AI周期探索/02_公司研究/Tencent/evidence_log.md,EVIDENCE,legacy_company_evidence,archived,none,05_EVIDENCE_META/EVIDENCE/COMPANIES
AI周期探索/02_公司研究/Tencent/next_questions.md,STATE,legacy_company_question_state,superseded,none,03_STATE/HYPOTHESIS_QUEUE
AI周期探索/02_公司研究/Tencent/research_task.md,STATE,legacy_company_question_state,superseded,none,03_STATE/HYPOTHESIS_QUEUE
AI周期探索/02_公司研究/Tencent/scorecard.md,META,legacy_scorecard,superseded,none,05_EVIDENCE_META/ARCHIVE/SUPERSEDED_STATE
AI周期探索/02_公司研究/Tesla/PROMPT.md,AUTOMATION,legacy_company_prompt,superseded,operational,90_AUTOMATION/PROMPTS
AI周期探索/02_公司研究/Tesla/company_research.md,EVIDENCE,legacy_company_evidence,archived,none,05_EVIDENCE_META/EVIDENCE/COMPANIES
AI周期探索/02_公司研究/Tesla/evidence_log.md,EVIDENCE,legacy_company_evidence,archived,none,05_EVIDENCE_META/EVIDENCE/COMPANIES
AI周期探索/02_公司研究/Tesla/next_questions.md,STATE,legacy_company_question_state,superseded,none,03_STATE/HYPOTHESIS_QUEUE
AI周期探索/02_公司研究/Tesla/research_task.md,STATE,legacy_company_question_state,superseded,none,03_STATE/HYPOTHESIS_QUEUE
AI周期探索/02_公司研究/Tesla/scorecard.md,META,legacy_scorecard,superseded,none,05_EVIDENCE_META/ARCHIVE/SUPERSEDED_STATE
AI周期探索/02_公司研究/Vistra/PROMPT.md,AUTOMATION,legacy_company_prompt,superseded,operational,90_AUTOMATION/PROMPTS
AI周期探索/02_公司研究/Vistra/company_research.md,EVIDENCE,legacy_company_evidence,archived,none,05_EVIDENCE_META/EVIDENCE/COMPANIES
AI周期探索/02_公司研究/Vistra/evidence_log.md,EVIDENCE,legacy_company_evidence,archived,none,05_EVIDENCE_META/EVIDENCE/COMPANIES
AI周期探索/02_公司研究/Vistra/next_questions.md,STATE,legacy_company_question_state,superseded,none,03_STATE/HYPOTHESIS_QUEUE
AI周期探索/02_公司研究/Vistra/research_task.md,STATE,legacy_company_question_state,superseded,none,03_STATE/HYPOTHESIS_QUEUE
AI周期探索/02_公司研究/Vistra/scorecard.md,META,legacy_scorecard,superseded,none,05_EVIDENCE_META/ARCHIVE/SUPERSEDED_STATE
AI周期探索/02_公司研究/Xiaomi/PROMPT.md,AUTOMATION,legacy_company_prompt,superseded,operational,90_AUTOMATION/PROMPTS
AI周期探索/02_公司研究/Xiaomi/company_research.md,EVIDENCE,legacy_company_evidence,archived,none,05_EVIDENCE_META/EVIDENCE/COMPANIES
AI周期探索/02_公司研究/Xiaomi/evidence_log.md,EVIDENCE,legacy_company_evidence,archived,none,05_EVIDENCE_META/EVIDENCE/COMPANIES
AI周期探索/02_公司研究/Xiaomi/next_questions.md,STATE,legacy_company_question_state,superseded,none,03_STATE/HYPOTHESIS_QUEUE
AI周期探索/02_公司研究/Xiaomi/research_task.md,STATE,legacy_company_question_state,superseded,none,03_STATE/HYPOTHESIS_QUEUE
AI周期探索/02_公司研究/Xiaomi/scorecard.md,META,legacy_scorecard,superseded,none,05_EVIDENCE_META/ARCHIVE/SUPERSEDED_STATE
AI周期探索/02_公司研究/亨通光电/README.md,EVIDENCE,legacy_company_router,archived,none,05_EVIDENCE_META/EVIDENCE/COMPANIES
AI周期探索/02_公司研究/亨通光电/evidence_log.md,EVIDENCE,legacy_company_evidence,archived,none,05_EVIDENCE_META/EVIDENCE/COMPANIES
AI周期探索/02_公司研究/亨通光电/next_signals.md,STATE,legacy_company_question_state,superseded,none,03_STATE/HYPOTHESIS_QUEUE
AI周期探索/02_公司研究/分众传媒/PROMPT.md,AUTOMATION,legacy_company_prompt,superseded,operational,90_AUTOMATION/PROMPTS
AI周期探索/02_公司研究/分众传媒/company_research.md,EVIDENCE,legacy_company_evidence,archived,none,05_EVIDENCE_META/EVIDENCE/COMPANIES
AI周期探索/02_公司研究/分众传媒/evidence_log.md,EVIDENCE,legacy_company_evidence,archived,none,05_EVIDENCE_META/EVIDENCE/COMPANIES
AI周期探索/02_公司研究/分众传媒/next_questions.md,STATE,legacy_company_question_state,superseded,none,03_STATE/HYPOTHESIS_QUEUE
AI周期探索/02_公司研究/分众传媒/research_task.md,STATE,legacy_company_question_state,superseded,none,03_STATE/HYPOTHESIS_QUEUE
AI周期探索/02_公司研究/分众传媒/scorecard.md,META,legacy_scorecard,superseded,none,05_EVIDENCE_META/ARCHIVE/SUPERSEDED_STATE
AI周期探索/02_公司研究/天华新能/260710天华新能_财报前经营验证基线.md,EVIDENCE,legacy_company_evidence,archived,none,05_EVIDENCE_META/EVIDENCE/COMPANIES
AI周期探索/02_公司研究/天华新能/PROMPT.md,AUTOMATION,legacy_company_prompt,superseded,operational,90_AUTOMATION/PROMPTS
AI周期探索/02_公司研究/天华新能/company_research.md,EVIDENCE,legacy_company_evidence,archived,none,05_EVIDENCE_META/EVIDENCE/COMPANIES
AI周期探索/02_公司研究/天华新能/evidence_log.md,EVIDENCE,legacy_company_evidence,archived,none,05_EVIDENCE_META/EVIDENCE/COMPANIES
AI周期探索/02_公司研究/天华新能/next_questions.md,STATE,legacy_company_question_state,superseded,none,03_STATE/HYPOTHESIS_QUEUE
AI周期探索/02_公司研究/天华新能/research_task.md,STATE,legacy_company_question_state,superseded,none,03_STATE/HYPOTHESIS_QUEUE
AI周期探索/02_公司研究/天华新能/scorecard.md,META,legacy_scorecard,superseded,none,05_EVIDENCE_META/ARCHIVE/SUPERSEDED_STATE
AI周期探索/02_公司研究/广合科技/260709广合科技_财报前经营验证基线.md,EVIDENCE,legacy_company_evidence,archived,none,05_EVIDENCE_META/EVIDENCE/COMPANIES
AI周期探索/02_公司研究/广合科技/PROMPT.md,AUTOMATION,legacy_company_prompt,superseded,operational,90_AUTOMATION/PROMPTS
AI周期探索/02_公司研究/广合科技/company_research.md,EVIDENCE,legacy_company_evidence,archived,none,05_EVIDENCE_META/EVIDENCE/COMPANIES
AI周期探索/02_公司研究/广合科技/evidence_log.md,EVIDENCE,legacy_company_evidence,archived,none,05_EVIDENCE_META/EVIDENCE/COMPANIES
AI周期探索/02_公司研究/广合科技/next_questions.md,STATE,legacy_company_question_state,superseded,none,03_STATE/HYPOTHESIS_QUEUE
AI周期探索/02_公司研究/广合科技/research_task.md,STATE,legacy_company_question_state,superseded,none,03_STATE/HYPOTHESIS_QUEUE
AI周期探索/02_公司研究/广合科技/scorecard.md,META,legacy_scorecard,superseded,none,05_EVIDENCE_META/ARCHIVE/SUPERSEDED_STATE
AI周期探索/02_公司研究/沪电股份/PROMPT.md,AUTOMATION,legacy_company_prompt,superseded,operational,90_AUTOMATION/PROMPTS
AI周期探索/02_公司研究/沪电股份/company_research.md,EVIDENCE,legacy_company_evidence,archived,none,05_EVIDENCE_META/EVIDENCE/COMPANIES
AI周期探索/02_公司研究/沪电股份/evidence_log.md,EVIDENCE,legacy_company_evidence,archived,none,05_EVIDENCE_META/EVIDENCE/COMPANIES
AI周期探索/02_公司研究/沪电股份/next_questions.md,STATE,legacy_company_question_state,superseded,none,03_STATE/HYPOTHESIS_QUEUE
AI周期探索/02_公司研究/沪电股份/research_task.md,STATE,legacy_company_question_state,superseded,none,03_STATE/HYPOTHESIS_QUEUE
AI周期探索/02_公司研究/沪电股份/scorecard.md,META,legacy_scorecard,superseded,none,05_EVIDENCE_META/ARCHIVE/SUPERSEDED_STATE
AI周期探索/02_公司研究/深南电路/PROMPT.md,AUTOMATION,legacy_company_prompt,superseded,operational,90_AUTOMATION/PROMPTS
AI周期探索/02_公司研究/深南电路/company_research.md,EVIDENCE,legacy_company_evidence,archived,none,05_EVIDENCE_META/EVIDENCE/COMPANIES
AI周期探索/02_公司研究/深南电路/evidence_log.md,EVIDENCE,legacy_company_evidence,archived,none,05_EVIDENCE_META/EVIDENCE/COMPANIES
AI周期探索/02_公司研究/深南电路/next_questions.md,STATE,legacy_company_question_state,superseded,none,03_STATE/HYPOTHESIS_QUEUE
AI周期探索/02_公司研究/深南电路/research_task.md,STATE,legacy_company_question_state,superseded,none,03_STATE/HYPOTHESIS_QUEUE
AI周期探索/02_公司研究/深南电路/scorecard.md,META,legacy_scorecard,superseded,none,05_EVIDENCE_META/ARCHIVE/SUPERSEDED_STATE
AI周期探索/02_公司研究/湖南裕能/PROMPT.md,AUTOMATION,legacy_company_prompt,superseded,operational,90_AUTOMATION/PROMPTS
AI周期探索/02_公司研究/湖南裕能/company_research.md,EVIDENCE,legacy_company_evidence,archived,none,05_EVIDENCE_META/EVIDENCE/COMPANIES
AI周期探索/02_公司研究/湖南裕能/evidence_log.md,EVIDENCE,legacy_company_evidence,archived,none,05_EVIDENCE_META/EVIDENCE/COMPANIES
AI周期探索/02_公司研究/湖南裕能/next_questions.md,STATE,legacy_company_question_state,superseded,none,03_STATE/HYPOTHESIS_QUEUE
AI周期探索/02_公司研究/湖南裕能/research_task.md,STATE,legacy_company_question_state,superseded,none,03_STATE/HYPOTHESIS_QUEUE
AI周期探索/02_公司研究/湖南裕能/scorecard.md,META,legacy_scorecard,superseded,none,05_EVIDENCE_META/ARCHIVE/SUPERSEDED_STATE
AI周期探索/02_公司研究/湖南裕能/天赐材料/260616天赐材料_产业结构秩序创造机器判断.md,EVIDENCE,legacy_company_evidence,archived,none,05_EVIDENCE_META/EVIDENCE/COMPANIES
AI周期探索/02_公司研究/湖南裕能/天赐材料/260616天赐材料_价格信号与赚钱概率判断.md,EVIDENCE,legacy_company_evidence,archived,none,05_EVIDENCE_META/EVIDENCE/COMPANIES
AI周期探索/02_公司研究/湖南裕能/天赐材料/260616天赐材料_旧框架复盘与投资假设萃取.md,EVIDENCE,legacy_company_evidence,archived,none,05_EVIDENCE_META/EVIDENCE/COMPANIES
AI周期探索/02_公司研究/湖南裕能/天赐材料/260622天赐材料_涨跌叙事事实审计与1至3年判断.md,EVIDENCE,legacy_company_evidence,archived,none,05_EVIDENCE_META/EVIDENCE/COMPANIES
AI周期探索/02_公司研究/湖南裕能/天赐材料/260704天赐材料_产能重配经营验证增量.md,EVIDENCE,legacy_company_evidence,archived,none,05_EVIDENCE_META/EVIDENCE/COMPANIES
AI周期探索/02_公司研究/湖南裕能/天赐材料/evidence_log.md,EVIDENCE,legacy_company_evidence,archived,none,05_EVIDENCE_META/EVIDENCE/COMPANIES
AI周期探索/02_公司研究/湖南裕能/天赐材料/next_signals.md,STATE,legacy_company_question_state,superseded,none,03_STATE/HYPOTHESIS_QUEUE
AI周期探索/02_公司研究/生益电子/PROMPT.md,AUTOMATION,legacy_company_prompt,superseded,operational,90_AUTOMATION/PROMPTS
AI周期探索/02_公司研究/生益电子/company_research.md,EVIDENCE,legacy_company_evidence,archived,none,05_EVIDENCE_META/EVIDENCE/COMPANIES
AI周期探索/02_公司研究/生益电子/evidence_log.md,EVIDENCE,legacy_company_evidence,archived,none,05_EVIDENCE_META/EVIDENCE/COMPANIES
AI周期探索/02_公司研究/生益电子/next_questions.md,STATE,legacy_company_question_state,superseded,none,03_STATE/HYPOTHESIS_QUEUE
AI周期探索/02_公司研究/生益电子/research_task.md,STATE,legacy_company_question_state,superseded,none,03_STATE/HYPOTHESIS_QUEUE
AI周期探索/02_公司研究/生益电子/scorecard.md,META,legacy_scorecard,superseded,none,05_EVIDENCE_META/ARCHIVE/SUPERSEDED_STATE
AI周期探索/02_公司研究/紫金矿业/README.md,EVIDENCE,legacy_company_router,archived,none,05_EVIDENCE_META/EVIDENCE/COMPANIES
AI周期探索/02_公司研究/紫金矿业/evidence_log.md,EVIDENCE,legacy_company_evidence,archived,none,05_EVIDENCE_META/EVIDENCE/COMPANIES
AI周期探索/02_公司研究/紫金矿业/next_signals.md,STATE,legacy_company_question_state,superseded,none,03_STATE/HYPOTHESIS_QUEUE
AI周期探索/02_公司研究/胜宏科技/PROMPT.md,AUTOMATION,legacy_company_prompt,superseded,operational,90_AUTOMATION/PROMPTS
AI周期探索/02_公司研究/胜宏科技/company_research.md,EVIDENCE,legacy_company_evidence,archived,none,05_EVIDENCE_META/EVIDENCE/COMPANIES
AI周期探索/02_公司研究/胜宏科技/evidence_log.md,EVIDENCE,legacy_company_evidence,archived,none,05_EVIDENCE_META/EVIDENCE/COMPANIES
AI周期探索/02_公司研究/胜宏科技/next_questions.md,STATE,legacy_company_question_state,superseded,none,03_STATE/HYPOTHESIS_QUEUE
AI周期探索/02_公司研究/胜宏科技/research_task.md,STATE,legacy_company_question_state,superseded,none,03_STATE/HYPOTHESIS_QUEUE
AI周期探索/02_公司研究/胜宏科技/scorecard.md,META,legacy_scorecard,superseded,none,05_EVIDENCE_META/ARCHIVE/SUPERSEDED_STATE
AI周期探索/02_公司研究/顺丰控股/evidence_log.md,EVIDENCE,legacy_company_evidence,archived,none,05_EVIDENCE_META/EVIDENCE/COMPANIES
AI周期探索/02_公司研究/顺丰控股/next_signals.md,STATE,legacy_company_question_state,superseded,none,03_STATE/HYPOTHESIS_QUEUE
AI周期探索/04_投资池/三倍候选池.md,STATE,legacy_watchlist_state,superseded,none,03_STATE/WATCHLISTS
AI周期探索/04_投资池/中国消费与品牌池.md,STATE,legacy_watchlist_state,superseded,none,03_STATE/WATCHLISTS
AI周期探索/04_投资池/暂不研究池.md,STATE,legacy_watchlist_state,superseded,none,03_STATE/WATCHLISTS
AI周期探索/04_投资池/期权池.md,STATE,legacy_watchlist_state,superseded,none,03_STATE/WATCHLISTS
AI周期探索/04_投资池/核心候选池.md,STATE,legacy_watchlist_state,superseded,none,03_STATE/WATCHLISTS
AI周期探索/04_投资池/瓶颈观察池.md,STATE,legacy_watchlist_state,superseded,none,03_STATE/WATCHLISTS
AI周期探索/04_投资池/观察池.md,STATE,legacy_watchlist_state,superseded,none,03_STATE/WATCHLISTS
AI周期探索/04_投资池/证据不足池.md,STATE,legacy_watchlist_state,superseded,none,03_STATE/WATCHLISTS
AI周期探索/0_总览/AI投资主线.md,METHOD,legacy_ai_cycle_method,superseded,none,02_术/SKILLS + 90_AUTOMATION
AI周期探索/0_总览/BOTTLENECK_3X_FRAMEWORK.md,METHOD,legacy_ai_cycle_method,superseded,none,02_术/SKILLS + 90_AUTOMATION
AI周期探索/0_总览/CLAUDE_CODE_RUN_COMMAND.md,AUTOMATION,legacy_prompt_or_command,superseded,operational,90_AUTOMATION/PROMPTS
AI周期探索/0_总览/CLAUDE_CODE_RUN_COMMAND_CN_REFRESH.md,AUTOMATION,legacy_prompt_or_command,superseded,operational,90_AUTOMATION/PROMPTS
AI周期探索/0_总览/CLAUDE_CODE_RUN_COMMAND_COMPANY_DISCOVERY_PRO.md,AUTOMATION,legacy_prompt_or_command,superseded,operational,90_AUTOMATION/PROMPTS
AI周期探索/0_总览/CLAUDE_CODE_RUN_COMMAND_ENGINEER_SIGNAL_3X.md,AUTOMATION,legacy_prompt_or_command,superseded,operational,90_AUTOMATION/PROMPTS
AI周期探索/0_总览/CLAUDE_CODE_RUN_COMMAND_INDUSTRY_BOTTLENECK_DISCOVERY.md,AUTOMATION,legacy_prompt_or_command,superseded,operational,90_AUTOMATION/PROMPTS
AI周期探索/0_总览/CLAUDE_CODE_RUN_COMMAND_PRO.md,AUTOMATION,legacy_prompt_or_command,superseded,operational,90_AUTOMATION/PROMPTS
AI周期探索/0_总览/CROSS_MARKET_V2_RUN_BOUNDARIES.md,METHOD,legacy_ai_cycle_method,superseded,none,02_术/SKILLS + 90_AUTOMATION
AI周期探索/0_总览/ENGINEER_SIGNAL_3X_RADAR.md,METHOD,legacy_ai_cycle_method,superseded,none,02_术/SKILLS + 90_AUTOMATION
AI周期探索/0_总览/LOOP_PROMPT.md,AUTOMATION,legacy_prompt_or_command,superseded,operational,90_AUTOMATION/PROMPTS
AI周期探索/0_总览/LOOP_PROMPT_CN_CONSUMER_REFRESH.md,AUTOMATION,legacy_prompt_or_command,superseded,operational,90_AUTOMATION/PROMPTS
AI周期探索/0_总览/LOOP_PROMPT_COMPANY_DISCOVERY_PRO.md,AUTOMATION,legacy_prompt_or_command,superseded,operational,90_AUTOMATION/PROMPTS
AI周期探索/0_总览/LOOP_PROMPT_CROSS_MARKET_V2.md,AUTOMATION,legacy_prompt_or_command,superseded,operational,90_AUTOMATION/PROMPTS
AI周期探索/0_总览/LOOP_PROMPT_ENGINEER_SIGNAL_3X.md,AUTOMATION,legacy_prompt_or_command,superseded,operational,90_AUTOMATION/PROMPTS
AI周期探索/0_总览/LOOP_PROMPT_INDUSTRY_BOTTLENECK_DISCOVERY.md,AUTOMATION,legacy_prompt_or_command,superseded,operational,90_AUTOMATION/PROMPTS
AI周期探索/0_总览/LOOP_PROMPT_PRO.md,AUTOMATION,legacy_prompt_or_command,superseded,operational,90_AUTOMATION/PROMPTS
AI周期探索/0_总览/MINDSPACE_SOURCE_MCP_SOP.md,METHOD,legacy_ai_cycle_method,superseded,none,02_术/SKILLS + 90_AUTOMATION
AI周期探索/0_总览/README.md,METHOD,legacy_ai_cycle_method,superseded,none,02_术/SKILLS + 90_AUTOMATION
AI周期探索/0_总览/cn_consumer_refresh_queue.md,STATE,legacy_automation_state,superseded,none,90_AUTOMATION/RUNTIME + 03_STATE
AI周期探索/0_总览/company_queue.md,STATE,legacy_automation_state,superseded,none,90_AUTOMATION/RUNTIME + 03_STATE
AI周期探索/0_总览/company_score_table.md,STATE,legacy_automation_state,superseded,none,90_AUTOMATION/RUNTIME + 03_STATE
AI周期探索/0_总览/new_company_intake_queue.md,STATE,legacy_automation_state,superseded,none,90_AUTOMATION/RUNTIME + 03_STATE
AI周期探索/0_总览/refresh_targets_2026-05-24.md,METHOD,legacy_ai_cycle_method,superseded,none,02_术/SKILLS + 90_AUTOMATION
AI周期探索/0_总览/run_log.md,STATE,legacy_automation_state,superseded,none,90_AUTOMATION/RUNTIME + 03_STATE
AI周期探索/0_总览/source_health_2026-05-24.md,METHOD,legacy_ai_cycle_method,superseded,none,02_术/SKILLS + 90_AUTOMATION
AI周期探索/0_总览/watchlist_master.md,STATE,legacy_automation_state,superseded,none,90_AUTOMATION/RUNTIME + 03_STATE
AI周期探索/0_总览/信息重整与趋势刷新计划_2026-05-24.md,METHOD,legacy_ai_cycle_method,superseded,none,02_术/SKILLS + 90_AUTOMATION
AI周期探索/0_总览/研究对象清单.md,METHOD,legacy_ai_cycle_method,superseded,none,02_术/SKILLS + 90_AUTOMATION
AI周期探索/0_总览/结构性转变判断框架.md,METHOD,legacy_ai_cycle_method,superseded,none,02_术/SKILLS + 90_AUTOMATION
AI周期探索/标的研究/四方股份_601126/README.md,EVIDENCE,legacy_company_router,archived,none,05_EVIDENCE_META/EVIDENCE/COMPANIES
AI周期探索/标的研究/四方股份_601126/company_research.md,EVIDENCE,legacy_company_evidence,archived,none,05_EVIDENCE_META/EVIDENCE/COMPANIES
AI周期探索/标的研究/四方股份_601126/evidence_log.md,EVIDENCE,legacy_company_evidence,archived,none,05_EVIDENCE_META/EVIDENCE/COMPANIES
AI周期探索/标的研究/四方股份_601126/next_signals.md,STATE,legacy_company_question_state,superseded,none,03_STATE/HYPOTHESIS_QUEUE
AI周期探索/标的研究/四方股份_601126/research_task.md,STATE,legacy_company_question_state,superseded,none,03_STATE/HYPOTHESIS_QUEUE
AI周期探索/标的研究/四方股份_601126/scorecard.md,META,legacy_scorecard,superseded,none,05_EVIDENCE_META/ARCHIVE/SUPERSEDED_STATE
codeex 版本/美股AI投资日报自动化计划_cc.md,AUTOMATION,legacy_codex_automation_design,archived,none,90_AUTOMATION + 05_EVIDENCE_META/ARCHIVE/HISTORICAL_SYSTEMS
codeex 版本/美股AI投资日报自动化计划_codeex版本.md,AUTOMATION,legacy_codex_automation_design,archived,none,90_AUTOMATION + 05_EVIDENCE_META/ARCHIVE/HISTORICAL_SYSTEMS
分析报告/archive/260614储能材料链基金筛选与每日跟踪假设.md,EVIDENCE,legacy_analysis_evidence,archived,none,05_EVIDENCE_META/EVIDENCE/THEMES
分析报告/archive/260615储能材料链_每日假设跟踪.md,STATE,legacy_analysis_state,superseded,none,05_EVIDENCE_META/ARCHIVE/SUPERSEDED_STATE
分析报告/archive/260615储能材料链基金报告对比审计.md,EVIDENCE,legacy_analysis_evidence,archived,none,05_EVIDENCE_META/EVIDENCE/THEMES
分析报告/archive/260616储能材料链_每日假设跟踪.md,STATE,legacy_analysis_state,superseded,none,05_EVIDENCE_META/ARCHIVE/SUPERSEDED_STATE
分析报告/archive/260617AI算力连接与材料瓶颈_挖掘端框架.md,METHOD,legacy_analysis_method_source,superseded,none,02_术/SKILLS
分析报告/archive/260617AI算力连接与材料瓶颈_挖掘端框架_AI长报告原文.md,EVIDENCE,legacy_ai_long_report,archived,none,05_EVIDENCE_META/ARCHIVE/AI_LONG_REPORTS
分析报告/archive/260617储能材料链_每日假设跟踪.md,STATE,legacy_analysis_state,superseded,none,05_EVIDENCE_META/ARCHIVE/SUPERSEDED_STATE
分析报告/archive/260617目标标的_市场情报监控与策略更新.md,STATE,legacy_analysis_state,superseded,none,05_EVIDENCE_META/ARCHIVE/SUPERSEDED_STATE
分析报告/archive/260618储能材料链_每日假设跟踪.md,STATE,legacy_analysis_state,superseded,none,05_EVIDENCE_META/ARCHIVE/SUPERSEDED_STATE
分析报告/archive/260618恒生科技ETF_重仓选择.md,EVIDENCE,legacy_analysis_evidence,archived,none,05_EVIDENCE_META/EVIDENCE/THEMES
分析报告/archive/260619储能材料链_每日假设跟踪.md,STATE,legacy_analysis_state,superseded,none,05_EVIDENCE_META/ARCHIVE/SUPERSEDED_STATE
分析报告/archive/260620储能材料链_每日假设跟踪.md,STATE,legacy_analysis_state,superseded,none,05_EVIDENCE_META/ARCHIVE/SUPERSEDED_STATE
分析报告/archive/260622储能材料链_每日假设跟踪.md,STATE,legacy_analysis_state,superseded,none,05_EVIDENCE_META/ARCHIVE/SUPERSEDED_STATE
分析报告/archive/260623储能材料链_每日假设跟踪.md,STATE,legacy_analysis_state,superseded,none,05_EVIDENCE_META/ARCHIVE/SUPERSEDED_STATE
分析报告/archive/260624储能材料链_每日假设跟踪.md,STATE,legacy_analysis_state,superseded,none,05_EVIDENCE_META/ARCHIVE/SUPERSEDED_STATE
分析报告/archive/260625储能材料链_每日假设跟踪.md,STATE,legacy_analysis_state,superseded,none,05_EVIDENCE_META/ARCHIVE/SUPERSEDED_STATE
分析报告/archive/260626储能材料链_每日假设跟踪.md,STATE,legacy_analysis_state,superseded,none,05_EVIDENCE_META/ARCHIVE/SUPERSEDED_STATE
分析报告/archive/260627储能材料链_每日假设跟踪.md,STATE,legacy_analysis_state,superseded,none,05_EVIDENCE_META/ARCHIVE/SUPERSEDED_STATE
分析报告/archive/260628储能材料链_每日假设跟踪.md,STATE,legacy_analysis_state,superseded,none,05_EVIDENCE_META/ARCHIVE/SUPERSEDED_STATE
分析报告/archive/260629储能材料链_每日假设跟踪.md,STATE,legacy_analysis_state,superseded,none,05_EVIDENCE_META/ARCHIVE/SUPERSEDED_STATE
分析报告/archive/260630储能材料链_每日假设跟踪.md,STATE,legacy_analysis_state,superseded,none,05_EVIDENCE_META/ARCHIVE/SUPERSEDED_STATE
分析报告/archive/260630财报季_经营验证与定时任务体系.md,METHOD,legacy_analysis_method_source,superseded,none,02_术/SKILLS
分析报告/archive/260701储能材料链_每日假设跟踪.md,STATE,legacy_analysis_state,superseded,none,05_EVIDENCE_META/ARCHIVE/SUPERSEDED_STATE
分析报告/archive/260702储能材料链_每日假设跟踪.md,STATE,legacy_analysis_state,superseded,none,05_EVIDENCE_META/ARCHIVE/SUPERSEDED_STATE
分析报告/archive/260703储能材料链_每日假设跟踪.md,STATE,legacy_analysis_state,superseded,none,05_EVIDENCE_META/ARCHIVE/SUPERSEDED_STATE
分析报告/archive/260704储能材料链_每日假设跟踪.md,STATE,legacy_analysis_state,superseded,none,05_EVIDENCE_META/ARCHIVE/SUPERSEDED_STATE
分析报告/archive/260705储能材料链_每日假设跟踪.md,STATE,legacy_analysis_state,superseded,none,05_EVIDENCE_META/ARCHIVE/SUPERSEDED_STATE
分析报告/archive/260706储能材料链_每日假设跟踪.md,STATE,legacy_analysis_state,superseded,none,05_EVIDENCE_META/ARCHIVE/SUPERSEDED_STATE
分析报告/archive/260707储能材料链_每日假设跟踪.md,STATE,legacy_analysis_state,superseded,none,05_EVIDENCE_META/ARCHIVE/SUPERSEDED_STATE
分析报告/archive/260708储能材料链_每日假设跟踪.md,STATE,legacy_analysis_state,superseded,none,05_EVIDENCE_META/ARCHIVE/SUPERSEDED_STATE
分析报告/archive/260709储能材料链_每日假设跟踪.md,STATE,legacy_analysis_state,superseded,none,05_EVIDENCE_META/ARCHIVE/SUPERSEDED_STATE
分析报告/archive/260710储能材料链_每日假设跟踪.md,STATE,legacy_analysis_state,superseded,none,05_EVIDENCE_META/ARCHIVE/SUPERSEDED_STATE
分析报告/archive/260711储能材料链_每日假设跟踪.md,STATE,legacy_analysis_state,superseded,none,05_EVIDENCE_META/ARCHIVE/SUPERSEDED_STATE
分析报告/archive/260712储能材料链_每日假设跟踪.md,STATE,legacy_analysis_state,superseded,none,05_EVIDENCE_META/ARCHIVE/SUPERSEDED_STATE
分析报告/archive/BTGO_综合投资分析_2026-03-21_v2.md,EVIDENCE,legacy_analysis_evidence,archived,none,05_EVIDENCE_META/EVIDENCE/THEMES
分析报告/archive/BTGO_综合投资分析_2026-03.md,EVIDENCE,legacy_analysis_evidence,archived,none,05_EVIDENCE_META/EVIDENCE/THEMES
分析报告/archive/BitGo_BIT_综合投资分析_2026-03.md,EVIDENCE,legacy_analysis_evidence,archived,none,05_EVIDENCE_META/EVIDENCE/THEMES
分析报告/archive/merged_sources/2026-06-06/20260331-立讯精密+工业富联+AI铜连接+双轨分析.md,EVIDENCE,legacy_analysis_evidence,archived,none,05_EVIDENCE_META/EVIDENCE/THEMES
分析报告/archive/merged_sources/2026-06-06/20260331-铜产业+苹果AI供应链+双轨评级汇总.md,EVIDENCE,legacy_analysis_evidence,archived,none,05_EVIDENCE_META/EVIDENCE/THEMES
分析报告/archive/merged_sources/2026-06-06/20260331-铜产业+苹果AI供应链投资分析.md,EVIDENCE,legacy_analysis_evidence,archived,none,05_EVIDENCE_META/EVIDENCE/THEMES
分析报告/archive/merged_sources/2026-06-06/20260606-BTGO+Circle+地平线+Oracle+三年翻倍候选研究.md,EVIDENCE,legacy_analysis_evidence,archived,none,05_EVIDENCE_META/EVIDENCE/THEMES
分析报告/archive/merged_sources/2026-06-06/20260606-BTGO+Circle+地平线+Oracle+基础设施收费权.md,EVIDENCE,legacy_analysis_evidence,archived,none,05_EVIDENCE_META/EVIDENCE/THEMES
分析报告/archive/merged_sources/2026-06-06/20260606-BTGO+Circle+地平线+Oracle+结构窗口与财务窗口判断.md,EVIDENCE,legacy_analysis_evidence,archived,none,05_EVIDENCE_META/EVIDENCE/THEMES
分析报告/archive/merged_sources/2026-06-06/20260606-BTGO+Circle+地平线+供给逻辑重审.md,EVIDENCE,legacy_analysis_evidence,archived,none,05_EVIDENCE_META/EVIDENCE/THEMES
分析报告/archive/merged_sources/2026-06-06/20260606-CRCL+Circle+三年翻倍投资论文验证.md,EVIDENCE,legacy_analysis_evidence,archived,none,05_EVIDENCE_META/EVIDENCE/THEMES
分析报告/archive/merged_sources/2026-06-06/20260606-地平线机器人+9660HK+三年翻倍验证.md,EVIDENCE,legacy_analysis_evidence,archived,none,05_EVIDENCE_META/EVIDENCE/THEMES
分析报告/archive/merged_sources/2026-06-06/260606BTGO_Circle_地平线_Oracle_结构窗口与财务窗口判断.md,EVIDENCE,legacy_analysis_evidence,archived,none,05_EVIDENCE_META/EVIDENCE/THEMES
分析报告/archive/merged_sources/2026-06-06/260606BTGO_HashKey_Circle_稳定币供给方数字拆解.md,EVIDENCE,legacy_analysis_evidence,archived,none,05_EVIDENCE_META/EVIDENCE/THEMES
分析报告/archive/新能源汽车产业链投资报告.md,EVIDENCE,legacy_analysis_evidence,archived,none,05_EVIDENCE_META/EVIDENCE/THEMES
基础概念/ploymarket/100X 萃取内容看板.md,AUTOMATION,legacy_ploymarket_automation,archived,none,90_AUTOMATION/RUNTIME
基础概念/ploymarket/资料/信息看板.md,AUTOMATION,legacy_ploymarket_automation,archived,none,90_AUTOMATION/RUNTIME
基础概念/交易策略组合/260622基金与个股_从个人约束出发的1至3年框架.md,METHOD,legacy_basic_method_source,superseded,none,02_术/SKILLS
基础概念/交易策略组合/260622电解液_需求强度非线性信号框架.md,METHOD,legacy_basic_method_source,superseded,none,02_术/SKILLS
基础概念/交易策略组合/260622电解液_需求强度非线性信号框架_AI长报告原文.md,EVIDENCE,legacy_ai_long_report,archived,none,05_EVIDENCE_META/ARCHIVE/AI_LONG_REPORTS
基础概念/交易策略组合/260624电解液_物理需求线性与利润估值非线性.md,METHOD,legacy_basic_method_source,superseded,none,02_术/SKILLS
基础概念/交易策略组合/期权卖方统计学与Roll策略实战.md,METHOD,legacy_options_method,superseded,none,02_术/SKILLS/OPTIONS
基础概念/交易策略组合/期权策略与认知演进总结.md,METHOD,legacy_options_method,superseded,none,02_术/SKILLS/OPTIONS
基础概念/交易策略组合/波动率收割与期权量化策略体系.md,METHOD,legacy_options_method,superseded,none,02_术/SKILLS/OPTIONS
基础概念/交易策略组合/量化交易数学基础设施.md,METHOD,legacy_basic_method_source,superseded,none,02_术/SKILLS
基础概念/实体商/BItGO/未命名.md,CASE,legacy_company_case_source,archived,none,04_CASE_GYM
基础概念/实体商/HashKey/HashKey vs BitGo 投资对比.md,EVIDENCE,legacy_company_evidence,archived,none,05_EVIDENCE_META/EVIDENCE/COMPANIES
基础概念/实体商/HashKey/未命名.md,CASE,legacy_company_case_source,archived,none,04_CASE_GYM
基础概念/实体商/TEMP/TEM_市场时机分析_20260321.md,EVIDENCE,legacy_company_evidence,archived,none,05_EVIDENCE_META/EVIDENCE/COMPANIES
基础概念/实体商/TEMP/TEM_综合投资分析_2026-03-21.md,EVIDENCE,legacy_company_evidence,archived,none,05_EVIDENCE_META/EVIDENCE/COMPANIES
基础概念/实体商/TEMP/未命名.md,CASE,legacy_company_case_source,archived,none,04_CASE_GYM
基础概念/实体商/储能材料链基金研究/00_储能材料链基金研究总报告_20260614.md,EVIDENCE,legacy_company_evidence,archived,none,05_EVIDENCE_META/EVIDENCE/COMPANIES
基础概念/实体商/储能材料链基金研究/01_每日跟踪信号表.md,EVIDENCE,legacy_company_evidence,archived,none,05_EVIDENCE_META/EVIDENCE/COMPANIES
基础概念/实体商/储能材料链基金研究/02_产业链龙头公司全表.md,EVIDENCE,legacy_company_evidence,archived,none,05_EVIDENCE_META/EVIDENCE/COMPANIES
基础概念/实体商/储能材料链基金研究/03_daily/2026-06-15.md,EVIDENCE,legacy_company_evidence,archived,none,05_EVIDENCE_META/EVIDENCE/COMPANIES
基础概念/实体商/储能材料链基金研究/03_daily/2026-06-17.md,EVIDENCE,legacy_company_evidence,archived,none,05_EVIDENCE_META/EVIDENCE/COMPANIES
基础概念/实体商/储能材料链基金研究/03_daily/2026-06-18.md,EVIDENCE,legacy_company_evidence,archived,none,05_EVIDENCE_META/EVIDENCE/COMPANIES
基础概念/实体商/储能材料链基金研究/03_daily/2026-06-19.md,EVIDENCE,legacy_company_evidence,archived,none,05_EVIDENCE_META/EVIDENCE/COMPANIES
基础概念/实体商/储能材料链基金研究/03_daily/2026-06-20.md,EVIDENCE,legacy_company_evidence,archived,none,05_EVIDENCE_META/EVIDENCE/COMPANIES
基础概念/实体商/储能材料链基金研究/03_daily/2026-06-22.md,EVIDENCE,legacy_company_evidence,archived,none,05_EVIDENCE_META/EVIDENCE/COMPANIES
基础概念/实体商/储能材料链基金研究/03_daily/2026-06-24.md,EVIDENCE,legacy_company_evidence,archived,none,05_EVIDENCE_META/EVIDENCE/COMPANIES
基础概念/实体商/储能材料链基金研究/03_daily/2026-06-28.md,EVIDENCE,legacy_company_evidence,archived,none,05_EVIDENCE_META/EVIDENCE/COMPANIES
基础概念/实体商/储能材料链基金研究/03_daily/2026-06-29.md,EVIDENCE,legacy_company_evidence,archived,none,05_EVIDENCE_META/EVIDENCE/COMPANIES
基础概念/实体商/储能材料链基金研究/20260712 能源认识.md,EVIDENCE,legacy_company_evidence,archived,none,05_EVIDENCE_META/EVIDENCE/COMPANIES
我的投资框架：从宏观到企业的系统思考.md,METHOD,legacy_root_framework,superseded,none,02_术/SKILLS + 01_道/PHILOSOPHY_INBOX + 05_EVIDENCE_META/EVIDENCE
